county,county_code,eligible_voters,total_votes,Bochniarz,Borowski,Bubel,Ilasz,Kaczynski,Kalinowski,Korwin-Mikke,Lepper,Pyszko,Slomka,Tusk,Tyminski
bolesławiecki,20100.0,70054.0,30705.0,422.0,3699.0,35.0,63.0,8817.0,373.0,414.0,4568.0,25.0,18.0,12214.0,57.0
dzierżoniowski,20200.0,88429.0,39731.0,498.0,4399.0,45.0,124.0,11364.0,379.0,566.0,6624.0,28.0,21.0,15592.0,91.0
głogowski,20300.0,71624.0,34729.0,499.0,4833.0,59.0,93.0,11048.0,343.0,535.0,4931.0,21.0,11.0,12310.0,46.0
górowski,20400.0,28521.0,11771.0,135.0,1124.0,16.0,24.0,2940.0,263.0,129.0,3557.0,3.0,6.0,3553.0,21.0
jaworski,20500.0,42594.0,18463.0,244.0,1784.0,30.0,56.0,5223.0,332.0,218.0,4029.0,17.0,8.0,6483.0,39.0
jeleniogórski,20600.0,52833.0,23673.0,329.0,2540.0,41.0,74.0,5535.0,287.0,387.0,2949.0,28.0,15.0,11430.0,58.0
kamiennogórski,20700.0,37948.0,16608.0,198.0,1817.0,20.0,50.0,4514.0,198.0,185.0,2828.0,9.0,7.0,6738.0,44.0
kłodzki,20800.0,140770.0,62175.0,660.0,6402.0,59.0,167.0,17810.0,969.0,806.0,9242.0,54.0,34.0,25860.0,112.0
legnicki,20900.0,41890.0,18075.0,215.0,1664.0,22.0,58.0,4876.0,413.0,174.0,4658.0,16.0,9.0,5938.0,32.0
lubański,21000.0,47152.0,20722.0,251.0,2431.0,23.0,71.0,5699.0,239.0,224.0,3684.0,15.0,15.0,8010.0,60.0
lubiński,21100.0,85833.0,40848.0,549.0,5532.0,56.0,94.0,14164.0,342.0,649.0,4888.0,25.0,16.0,14488.0,45.0
lwówecki,21200.0,38775.0,15584.0,200.0,1433.0,23.0,51.0,4255.0,299.0,220.0,3211.0,15.0,14.0,5823.0,40.0
milicki,21300.0,28956.0,13201.0,171.0,1426.0,14.0,36.0,3417.0,320.0,163.0,3399.0,14.0,5.0,4217.0,19.0
oleśnicki,21400.0,81091.0,36917.0,467.0,4223.0,52.0,107.0,10354.0,562.0,504.0,6297.0,20.0,43.0,14225.0,63.0
oławski,21500.0,56832.0,28107.0,302.0,2451.0,27.0,69.0,10028.0,346.0,370.0,3508.0,17.0,12.0,10934.0,43.0
polkowicki,21600.0,47246.0,21401.0,249.0,2523.0,22.0,47.0,6963.0,317.0,317.0,4156.0,7.0,10.0,6746.0,44.0
strzeliński,21700.0,36372.0,16417.0,161.0,1448.0,15.0,37.0,5051.0,335.0,142.0,3808.0,6.0,7.0,5392.0,15.0
średzki,21800.0,38706.0,15727.0,169.0,1446.0,15.0,20.0,4579.0,546.0,214.0,2869.0,239.0,11.0,5328.0,291.0
świdnicki,21900.0,130943.0,59715.0,777.0,7080.0,64.0,158.0,18153.0,553.0,939.0,8396.0,42.0,25.0,23420.0,108.0
trzebnicki,22000.0,60376.0,26754.0,293.0,2158.0,17.0,46.0,7936.0,444.0,398.0,5136.0,20.0,11.0,10257.0,38.0
wałbrzyski,22100.0,153707.0,67330.0,990.0,11189.0,70.0,140.0,17268.0,482.0,892.0,7724.0,32.0,41.0,28401.0,101.0
wołowski,22200.0,39553.0,17796.0,200.0,1696.0,18.0,31.0,5183.0,206.0,255.0,3081.0,10.0,15.0,7063.0,38.0
wrocławski,22300.0,77365.0,37179.0,441.0,2614.0,35.0,71.0,12466.0,584.0,583.0,5803.0,16.0,22.0,14501.0,43.0
ząbkowicki,22400.0,56237.0,24557.0,272.0,2433.0,23.0,84.0,6815.0,521.0,294.0,5677.0,22.0,14.0,8365.0,37.0
zgorzelecki,22500.0,77188.0,34635.0,419.0,4067.0,71.0,95.0,9560.0,274.0,556.0,4328.0,22.0,27.0,15162.0,54.0
złotoryjski,22600.0,36939.0,16010.0,206.0,1814.0,19.0,55.0,4225.0,275.0,212.0,3612.0,9.0,7.0,5553.0,23.0
Jelenia Góra,26101.0,71574.0,36123.0,583.0,5077.0,42.0,82.0,9054.0,511.0,672.0,2725.0,100.0,16.0,17217.0,44.0
Legnica,26201.0,83456.0,40726.0,621.0,5674.0,34.0,78.0,12648.0,265.0,603.0,4483.0,32.0,17.0,16207.0,64.0
Wrocław,26401.0,511401.0,289998.0,4484.0,33253.0,296.0,371.0,91995.0,1390.0,5947.0,12568.0,149.0,109.0,139196.0,240.0
aleksandrowski,40100.0,44962.0,20751.0,237.0,2535.0,33.0,43.0,5441.0,544.0,177.0,5913.0,17.0,17.0,5761.0,33.0
brodnicki,40200.0,58129.0,26524.0,268.0,2438.0,46.0,66.0,7359.0,742.0,179.0,8434.0,18.0,15.0,6911.0,48.0
bydgoski,40300.0,71381.0,32405.0,606.0,4313.0,29.0,97.0,9118.0,488.0,411.0,6122.0,23.0,28.0,11115.0,55.0
chełmiński,40400.0,40078.0,16887.0,189.0,2212.0,15.0,43.0,4273.0,397.0,139.0,4719.0,16.0,11.0,4831.0,42.0
golubsko-dobrzyński,40500.0,34393.0,14583.0,136.0,1253.0,17.0,46.0,3873.0,441.0,105.0,5195.0,9.0,11.0,3466.0,31.0
grudziądzki,40600.0,29724.0,12103.0,139.0,1005.0,16.0,28.0,2456.0,368.0,71.0,5184.0,11.0,4.0,2789.0,32.0
inowrocławski,40700.0,132362.0,59300.0,894.0,10210.0,68.0,133.0,13856.0,1199.0,642.0,14238.0,44.0,37.0,17853.0,126.0
lipnowski,40800.0,51315.0,20220.0,150.0,1715.0,21.0,55.0,5393.0,730.0,147.0,7466.0,12.0,10.0,4491.0,30.0
mogileński,40900.0,36619.0,16332.0,209.0,2017.0,15.0,53.0,4402.0,596.0,150.0,4890.0,10.0,14.0,3940.0,36.0
nakielski,41000.0,66385.0,30542.0,409.0,4313.0,33.0,67.0,7993.0,632.0,318.0,6480.0,17.0,16.0,10206.0,58.0
radziejowski,41100.0,34286.0,14138.0,129.0,1418.0,13.0,39.0,2804.0,486.0,113.0,6637.0,7.0,3.0,2418.0,71.0
rypiński,41200.0,35049.0,13572.0,107.0,1217.0,13.0,30.0,3980.0,447.0,87.0,4292.0,7.0,6.0,3353.0,33.0
sępoleński,41300.0,31775.0,14306.0,194.0,1683.0,14.0,44.0,3401.0,359.0,95.0,4698.0,12.0,11.0,3767.0,28.0
świecki,41400.0,76567.0,33706.0,526.0,3833.0,39.0,107.0,8221.0,650.0,276.0,8961.0,34.0,20.0,10958.0,81.0
toruński,41500.0,65949.0,27847.0,315.0,2509.0,30.0,68.0,8960.0,559.0,274.0,6644.0,14.0,14.0,8415.0,45.0
tucholski,41600.0,36115.0,17660.0,221.0,1901.0,29.0,36.0,4905.0,420.0,168.0,4984.0,11.0,19.0,4919.0,47.0
wąbrzeski,41700.0,27396.0,11572.0,123.0,1127.0,12.0,25.0,2213.0,306.0,133.0,4183.0,9.0,8.0,3412.0,21.0
włocławski,41800.0,67633.0,26782.0,235.0,2369.0,22.0,81.0,5365.0,951.0,180.0,12230.0,12.0,19.0,5272.0,46.0
żniński,41900.0,54950.0,25321.0,336.0,3270.0,44.0,71.0,5738.0,646.0,236.0,7921.0,19.0,17.0,6940.0,83.0
Bydgoszcz,46101.0,297207.0,162617.0,2932.0,28917.0,178.0,305.0,52604.0,922.0,2373.0,12055.0,72.0,70.0,62040.0,149.0
Grudziądz,46201.0,80254.0,37487.0,486.0,6430.0,52.0,83.0,8984.0,269.0,442.0,5605.0,23.0,29.0,15009.0,75.0
Toruń,46301.0,163237.0,88588.0,1486.0,11575.0,60.0,150.0,30216.0,465.0,1258.0,5704.0,41.0,26.0,37509.0,98.0
Włocławek,46401.0,96938.0,47030.0,770.0,8359.0,57.0,122.0,12326.0,362.0,564.0,7343.0,30.0,23.0,16988.0,86.0
bialski,60100.0,88910.0,42339.0,393.0,2419.0,111.0,143.0,14523.0,2318.0,380.0,13818.0,29.0,21.0,8106.0,78.0
biłgorajski,60200.0,82082.0,39441.0,254.0,2082.0,67.0,85.0,14643.0,1871.0,397.0,13500.0,20.0,25.0,6431.0,66.0
chełmski,60300.0,58405.0,23589.0,162.0,1233.0,42.0,55.0,6642.0,1052.0,185.0,9920.0,18.0,15.0,4212.0,53.0
hrubieszowski,60400.0,57898.0,25151.0,182.0,1810.0,40.0,56.0,7094.0,1236.0,265.0,10120.0,16.0,16.0,4261.0,55.0
janowski,60500.0,38224.0,20544.0,84.0,731.0,59.0,38.0,9939.0,805.0,178.0,6630.0,9.0,11.0,2024.0,36.0
krasnostawski,60600.0,62919.0,27268.0,248.0,1844.0,39.0,58.0,7283.0,1421.0,336.0,10614.0,168.0,25.0,5189.0,43.0
kraśnicki,60700.0,80536.0,39365.0,330.0,2672.0,89.0,117.0,15072.0,1501.0,508.0,11385.0,22.0,31.0,7565.0,73.0
lubartowski,60800.0,72021.0,35097.0,376.0,2140.0,81.0,98.0,11346.0,1765.0,439.0,11719.0,18.0,37.0,7018.0,60.0
lubelski,60900.0,106799.0,50638.0,499.0,2325.0,66.0,81.0,19659.0,2428.0,614.0,16277.0,17.0,24.0,8591.0,57.0
łęczyński,61000.0,43620.0,19838.0,229.0,1278.0,22.0,54.0,7627.0,564.0,313.0,5587.0,7.0,20.0,4095.0,42.0
łukowski,61100.0,83944.0,41285.0,375.0,2357.0,44.0,108.0,13719.0,1836.0,371.0,15235.0,28.0,30.0,7130.0,52.0
opolski,61200.0,51144.0,22916.0,181.0,1570.0,55.0,44.0,6277.0,1242.0,221.0,9414.0,239.0,13.0,3622.0,38.0
parczewski,61300.0,29855.0,13978.0,119.0,997.0,52.0,37.0,4649.0,736.0,104.0,4723.0,14.0,6.0,2521.0,20.0
puławski,61400.0,95477.0,47716.0,505.0,3859.0,84.0,90.0,17766.0,1326.0,768.0,9829.0,25.0,34.0,13366.0,64.0
radzyński,61500.0,49028.0,24594.0,197.0,1383.0,56.0,41.0,8432.0,1627.0,261.0,8589.0,7.0,12.0,3935.0,54.0
rycki,61600.0,48047.0,23559.0,296.0,2327.0,78.0,48.0,6701.0,1141.0,272.0,7901.0,10.0,35.0,4711.0,39.0
świdnicki,61700.0,58652.0,28392.0,417.0,2496.0,79.0,66.0,11051.0,767.0,539.0,5178.0,177.0,19.0,7525.0,78.0
tomaszowski,61800.0,72357.0,32543.0,210.0,1794.0,67.0,74.0,9720.0,1660.0,315.0,12876.0,25.0,21.0,5734.0,47.0
włodawski,61900.0,33485.0,15151.0,140.0,1272.0,28.0,35.0,4361.0,575.0,178.0,5013.0,7.0,16.0,3495.0,31.0
zamojski,62000.0,87724.0,39441.0,252.0,1667.0,67.0,96.0,15786.0,1881.0,349.0,13976.0,28.0,18.0,5276.0,45.0
Biała Podlaska,66101.0,44958.0,23424.0,389.0,2858.0,38.0,51.0,9166.0,409.0,383.0,3113.0,18.0,15.0,6937.0,47.0
Chełm,66201.0,55872.0,26228.0,326.0,3239.0,45.0,80.0,9804.0,365.0,414.0,3461.0,13.0,13.0,8425.0,43.0
Lublin,66301.0,281398.0,160941.0,2286.0,17831.0,336.0,289.0,67688.0,1720.0,3602.0,9595.0,61.0,86.0,57290.0,157.0
Zamość,66401.0,53948.0,25997.0,316.0,3215.0,40.0,63.0,11292.0,438.0,483.0,2826.0,21.0,16.0,7250.0,37.0
gorzowski,80100.0,49669.0,21671.0,333.0,2486.0,21.0,68.0,5837.0,270.0,203.0,4424.0,14.0,22.0,7951.0,42.0
krośnieński,80200.0,45019.0,18374.0,262.0,2612.0,19.0,54.0,3720.0,193.0,235.0,3578.0,21.0,11.0,7620.0,49.0
międzyrzecki,80300.0,47219.0,20399.0,394.0,3003.0,25.0,69.0,4482.0,325.0,250.0,3950.0,12.0,9.0,7826.0,54.0
nowosolski,80400.0,68983.0,31468.0,448.0,3870.0,39.0,77.0,8166.0,443.0,395.0,5801.0,18.0,21.0,12123.0,67.0
słubicki,80500.0,36160.0,15600.0,281.0,1987.0,13.0,41.0,3337.0,205.0,148.0,2750.0,7.0,11.0,6783.0,37.0
strzelecko-drezdenecki,80600.0,39961.0,16109.0,235.0,2036.0,11.0,31.0,3470.0,324.0,140.0,3936.0,7.0,7.0,5878.0,34.0
sulęciński,80700.0,28042.0,11625.0,197.0,1249.0,9.0,29.0,2860.0,243.0,174.0,2672.0,7.0,13.0,4141.0,31.0
świebodziński,80800.0,43883.0,19248.0,372.0,2456.0,16.0,51.0,4821.0,264.0,258.0,2862.0,17.0,10.0,8082.0,39.0
zielonogórski,80900.0,68675.0,30469.0,553.0,3755.0,49.0,104.0,7126.0,383.0,429.0,4749.0,28.0,23.0,13205.0,65.0
żagański,81000.0,66039.0,26659.0,419.0,3754.0,32.0,77.0,5928.0,425.0,346.0,5066.0,20.0,14.0,10525.0,53.0
żarski,81100.0,79063.0,31616.0,467.0,3848.0,35.0,98.0,7280.0,360.0,401.0,5266.0,25.0,24.0,13746.0,66.0
wschowski,81200.0,29725.0,13490.0,227.0,1427.0,12.0,57.0,3421.0,252.0,165.0,3245.0,12.0,12.0,4615.0,45.0
Gorzów Wielkopolski,86101.0,99767.0,50993.0,897.0,7469.0,55.0,91.0,16126.0,272.0,744.0,4460.0,44.0,23.0,20758.0,54.0
Zielona Góra,86201.0,94068.0,51720.0,1182.0,9092.0,46.0,91.0,13261.0,306.0,949.0,3244.0,22.0,13.0,23442.0,72.0
bełchatowski,100100.0,88803.0,43734.0,614.0,4301.0,82.0,109.0,16343.0,823.0,698.0,10607.0,47.0,39.0,10005.0,66.0
kutnowski,100200.0,86393.0,38295.0,458.0,4439.0,72.0,79.0,11129.0,1113.0,508.0,11417.0,18.0,13.0,8967.0,82.0
łaski,100300.0,40690.0,18353.0,216.0,1954.0,34.0,44.0,5553.0,619.0,335.0,5387.0,5.0,15.0,4164.0,27.0
łęczycki,100400.0,44354.0,18735.0,145.0,1603.0,42.0,33.0,4777.0,746.0,190.0,7141.0,5.0,9.0,4006.0,38.0
łowicki,100500.0,66876.0,30335.0,303.0,2817.0,53.0,74.0,9670.0,1713.0,342.0,8111.0,16.0,26.0,7159.0,51.0
łódzki wschodni,100600.0,50818.0,25599.0,335.0,2097.0,34.0,43.0,9701.0,550.0,497.0,4930.0,23.0,13.0,7341.0,35.0
opoczyński,100700.0,62119.0,31686.0,262.0,2124.0,50.0,97.0,10247.0,1313.0,316.0,11822.0,17.0,27.0,5369.0,42.0
pabianicki,100800.0,97427.0,49313.0,844.0,5873.0,73.0,88.0,17036.0,742.0,1130.0,5990.0,19.0,34.0,17414.0,70.0
pajęczański,100900.0,42567.0,18321.0,195.0,1551.0,43.0,42.0,5648.0,547.0,221.0,6704.0,14.0,15.0,3308.0,33.0
piotrkowski,101000.0,70611.0,33397.0,295.0,1690.0,59.0,80.0,10817.0,1528.0,321.0,13356.0,11.0,12.0,5172.0,56.0
poddębicki,101100.0,34505.0,14905.0,126.0,1262.0,21.0,24.0,3557.0,764.0,130.0,6330.0,6.0,8.0,2636.0,41.0
radomszczański,101200.0,95418.0,42091.0,535.0,3944.0,85.0,119.0,12653.0,1178.0,545.0,13203.0,21.0,21.0,9705.0,82.0
rawski,101300.0,39791.0,17101.0,177.0,1396.0,35.0,29.0,4929.0,801.0,179.0,6209.0,13.0,26.0,3273.0,34.0
sieradzki,101400.0,97314.0,46879.0,550.0,4801.0,70.0,134.0,13231.0,1815.0,521.0,15474.0,20.0,25.0,10148.0,90.0
skierniewicki,101500.0,29901.0,14156.0,101.0,724.0,21.0,26.0,4342.0,1038.0,125.0,5714.0,9.0,9.0,2028.0,19.0
tomaszowski,101600.0,97903.0,47915.0,602.0,5078.0,91.0,102.0,15703.0,1421.0,665.0,11197.0,39.0,34.0,12934.0,49.0
wieluński,101700.0,62578.0,29388.0,362.0,3088.0,42.0,67.0,8274.0,1333.0,383.0,8582.0,17.0,14.0,7169.0,57.0
wieruszowski,101800.0,33382.0,15376.0,153.0,1277.0,20.0,57.0,4174.0,747.0,160.0,5186.0,7.0,12.0,3558.0,25.0
zduńskowolski,101900.0,53888.0,26024.0,356.0,2886.0,55.0,59.0,8773.0,551.0,444.0,5038.0,12.0,17.0,7793.0,40.0
zgierski,102000.0,129817.0,62221.0,936.0,7542.0,116.0,126.0,20583.0,980.0,1067.0,10489.0,39.0,39.0,20203.0,101.0
brzeziński,102100.0,24487.0,11512.0,134.0,933.0,15.0,18.0,3754.0,494.0,152.0,3672.0,10.0,9.0,2295.0,26.0
Łódź,106101.0,626835.0,335147.0,6066.0,54798.0,562.0,502.0,101266.0,2361.0,7877.0,23354.0,221.0,183.0,137173.0,784.0
Piotrków Trybunalski,106201.0,64150.0,34157.0,465.0,4753.0,61.0,94.0,12420.0,335.0,579.0,4551.0,23.0,25.0,10794.0,57.0
Skierniewice,106301.0,38628.0,19989.0,315.0,3176.0,47.0,60.0,6386.0,341.0,416.0,2082.0,20.0,12.0,7107.0,27.0
bocheński,120100.0,76126.0,40203.0,336.0,2080.0,26.0,65.0,19694.0,922.0,458.0,5396.0,22.0,23.0,11141.0,40.0
brzeski,120200.0,68281.0,34750.0,267.0,1478.0,42.0,59.0,17520.0,732.0,360.0,4484.0,21.0,16.0,9733.0,38.0
chrzanowski,120300.0,103995.0,51611.0,669.0,6818.0,56.0,137.0,16908.0,445.0,836.0,5910.0,16.0,35.0,19686.0,95.0
dąbrowski,120400.0,45472.0,21009.0,163.0,750.0,14.0,32.0,10808.0,1010.0,168.0,4640.0,12.0,6.0,3376.0,30.0
gorlicki,120500.0,83601.0,40262.0,291.0,2529.0,44.0,104.0,17849.0,956.0,510.0,7373.0,28.0,17.0,10500.0,61.0
krakowski,120600.0,187976.0,94746.0,832.0,4890.0,88.0,167.0,40244.0,1576.0,1442.0,11536.0,42.0,42.0,33777.0,110.0
limanowski,120700.0,89029.0,45805.0,291.0,1647.0,41.0,113.0,25930.0,965.0,367.0,6151.0,21.0,23.0,10211.0,45.0
miechowski ,120800.0,41442.0,16751.0,132.0,1416.0,23.0,30.0,4457.0,769.0,178.0,6392.0,14.0,9.0,3298.0,33.0
myślenicki,120900.0,86532.0,45171.0,301.0,1772.0,46.0,78.0,23014.0,609.0,653.0,4987.0,25.0,20.0,13607.0,59.0
nowosądecki,121000.0,145498.0,79212.0,475.0,2789.0,65.0,166.0,45810.0,1472.0,619.0,10213.0,47.0,42.0,17424.0,90.0
nowotarski,121100.0,136466.0,65399.0,437.0,2196.0,83.0,150.0,31575.0,753.0,634.0,6776.0,39.0,25.0,22660.0,71.0
olkuski,121200.0,92832.0,44169.0,576.0,5185.0,54.0,110.0,14455.0,671.0,799.0,8820.0,23.0,15.0,13376.0,85.0
oświęcimski,121300.0,122421.0,65524.0,815.0,7084.0,52.0,144.0,25780.0,836.0,904.0,5849.0,46.0,33.0,23879.0,102.0
proszowicki,121400.0,34390.0,13580.0,89.0,750.0,8.0,15.0,3893.0,825.0,146.0,5440.0,5.0,12.0,2380.0,17.0
Suski,121500.0,62842.0,32060.0,240.0,1269.0,32.0,69.0,15649.0,471.0,282.0,3904.0,15.0,26.0,10034.0,69.0
tarnowski,121600.0,144386.0,72447.0,492.0,2553.0,66.0,136.0,39246.0,1739.0,592.0,10998.0,34.0,40.0,16461.0,90.0
tatrzański,121700.0,52785.0,26801.0,202.0,1056.0,36.0,29.0,12208.0,208.0,276.0,1690.0,7.0,13.0,11046.0,30.0
wadowicki,121800.0,119251.0,62139.0,632.0,3925.0,56.0,137.0,27501.0,928.0,630.0,6894.0,27.0,27.0,21285.0,97.0
wielicki,121900.0,79254.0,40543.0,312.0,1933.0,36.0,66.0,17861.0,574.0,606.0,3249.0,15.0,20.0,15834.0,37.0
Kraków,126101.0,593748.0,350991.0,4322.0,31233.0,293.0,385.0,125232.0,1644.0,7969.0,10257.0,110.0,121.0,169169.0,256.0
Nowy Sącz,126201.0,65599.0,37127.0,426.0,3310.0,33.0,76.0,18057.0,303.0,714.0,2003.0,21.0,19.0,12116.0,49.0
Tarnów,126301.0,95029.0,49880.0,664.0,4867.0,42.0,73.0,21564.0,334.0,984.0,2275.0,14.0,27.0,18985.0,51.0
białobrzeski,140100.0,25950.0,11758.0,70.0,583.0,18.0,24.0,4270.0,509.0,97.0,3867.0,7.0,6.0,2292.0,15.0
ciechanowski,140200.0,72607.0,32561.0,315.0,3602.0,42.0,68.0,10479.0,1256.0,334.0,8216.0,15.0,15.0,8178.0,41.0
garwoliński,140300.0,82018.0,40989.0,367.0,2191.0,70.0,89.0,16373.0,1678.0,414.0,10910.0,33.0,30.0,8771.0,63.0
gostyniński,140400.0,37781.0,16506.0,194.0,1395.0,32.0,39.0,5059.0,869.0,140.0,5228.0,14.0,7.0,3497.0,32.0
grodziski,140500.0,61586.0,32580.0,396.0,2672.0,57.0,55.0,12035.0,469.0,565.0,2588.0,23.0,21.0,13661.0,38.0
grójecki,140600.0,77322.0,35459.0,317.0,2626.0,75.0,65.0,12962.0,1890.0,351.0,9422.0,18.0,18.0,7666.0,49.0
kozienicki,140700.0,50965.0,23288.0,201.0,1627.0,42.0,62.0,8227.0,725.0,293.0,7008.0,3.0,15.0,5054.0,31.0
legionowski,140800.0,74114.0,40768.0,535.0,4248.0,47.0,56.0,14547.0,875.0,653.0,2712.0,75.0,22.0,16559.0,439.0
lipski,140900.0,30593.0,12219.0,83.0,818.0,23.0,26.0,2579.0,927.0,118.0,5569.0,8.0,0.0,2049.0,19.0
łosicki,141000.0,26513.0,13171.0,78.0,711.0,24.0,30.0,4116.0,855.0,128.0,5322.0,7.0,10.0,1866.0,24.0
makowski,141100.0,37346.0,16552.0,120.0,1182.0,20.0,48.0,5992.0,1465.0,134.0,4693.0,6.0,7.0,2857.0,28.0
miński,141200.0,108641.0,55388.0,713.0,4603.0,147.0,82.0,21338.0,1455.0,779.0,7985.0,39.0,29.0,18141.0,77.0
mławski,141300.0,58064.0,24380.0,208.0,2316.0,21.0,80.0,7669.0,1254.0,212.0,6609.0,18.0,10.0,5935.0,48.0
nowodworski,141400.0,59659.0,27408.0,329.0,2891.0,33.0,57.0,10812.0,530.0,398.0,3457.0,16.0,12.0,8843.0,30.0
ostrołęcki,141500.0,64218.0,27994.0,146.0,1035.0,31.0,71.0,11391.0,2631.0,215.0,7577.0,22.0,15.0,4804.0,56.0
ostrowski,141600.0,59636.0,27228.0,233.0,1535.0,25.0,44.0,12138.0,1222.0,206.0,6821.0,20.0,11.0,4899.0,74.0
otwocki,141700.0,89270.0,51316.0,618.0,3115.0,79.0,65.0,22224.0,880.0,938.0,4094.0,38.0,24.0,19183.0,58.0
piaseczyński,141800.0,107034.0,59989.0,764.0,4645.0,67.0,74.0,20999.0,790.0,987.0,4043.0,19.0,22.0,27517.0,62.0
płocki,141900.0,81762.0,32856.0,292.0,2183.0,43.0,61.0,11070.0,1662.0,247.0,10840.0,26.0,18.0,6358.0,56.0
płoński,142000.0,70065.0,27728.0,204.0,2248.0,24.0,52.0,10218.0,1074.0,232.0,7040.0,11.0,17.0,6558.0,50.0
pruszkowski,142100.0,113732.0,67365.0,895.0,5040.0,103.0,82.0,25659.0,628.0,1213.0,3489.0,40.0,23.0,30103.0,90.0
przasnyski,142200.0,42025.0,18200.0,167.0,1350.0,25.0,53.0,6565.0,1185.0,137.0,4816.0,9.0,15.0,3848.0,30.0
przysuski,142300.0,35593.0,17577.0,133.0,879.0,23.0,30.0,5817.0,829.0,162.0,7312.0,11.0,27.0,2337.0,17.0
pułtuski,142400.0,39492.0,17676.0,126.0,1231.0,17.0,31.0,6707.0,1691.0,166.0,3793.0,9.0,6.0,3875.0,24.0
radomski,142500.0,110645.0,50386.0,384.0,2917.0,77.0,119.0,19926.0,1659.0,494.0,13615.0,19.0,32.0,11072.0,72.0
siedlecki,142600.0,61538.0,30891.0,205.0,1299.0,66.0,72.0,11138.0,1857.0,268.0,11717.0,30.0,8.0,4199.0,32.0
sierpecki,142700.0,42239.0,17673.0,120.0,1485.0,22.0,61.0,5661.0,783.0,146.0,5530.0,6.0,5.0,3826.0,28.0
sochaczewski,142800.0,65834.0,29073.0,324.0,2516.0,45.0,54.0,11356.0,752.0,312.0,5273.0,17.0,15.0,8373.0,36.0
sokołowski,142900.0,46858.0,24360.0,191.0,1381.0,57.0,55.0,8756.0,1853.0,231.0,7747.0,14.0,9.0,4015.0,51.0
szydłowiecki,143000.0,31871.0,14129.0,122.0,928.0,26.0,48.0,5055.0,429.0,128.0,4399.0,8.0,9.0,2949.0,28.0
warszawski zachodni,143200.0,74995.0,41851.0,498.0,2716.0,51.0,44.0,16182.0,481.0,745.0,3270.0,11.0,18.0,17804.0,31.0
węgrowski,143300.0,54636.0,25990.0,259.0,1540.0,57.0,64.0,10043.0,1581.0,208.0,7367.0,18.0,11.0,4797.0,45.0
wołomiński,143400.0,150743.0,82859.0,831.0,4611.0,125.0,122.0,39890.0,1251.0,1233.0,6794.0,38.0,33.0,27840.0,91.0
wyszkowski,143500.0,55119.0,26515.0,210.0,1457.0,40.0,48.0,11712.0,2640.0,254.0,4274.0,10.0,15.0,5835.0,20.0
zwoleński,143600.0,29430.0,13546.0,98.0,723.0,25.0,29.0,3556.0,778.0,143.0,6077.0,4.0,11.0,2093.0,9.0
żuromiński,143700.0,32167.0,13201.0,75.0,1204.0,11.0,22.0,3907.0,886.0,88.0,4192.0,4.0,5.0,2788.0,19.0
żyrardowski,143800.0,58973.0,27663.0,378.0,2691.0,37.0,44.0,10409.0,444.0,377.0,3566.0,24.0,22.0,9627.0,44.0
Ostrołęka,146101.0,42748.0,21487.0,286.0,2195.0,49.0,61.0,9586.0,536.0,305.0,1676.0,11.0,6.0,6738.0,38.0
Płock,146201.0,102116.0,52776.0,771.0,7103.0,54.0,95.0,19182.0,616.0,790.0,4712.0,35.0,22.0,19302.0,94.0
Radom,146301.0,180597.0,96371.0,1144.0,10615.0,153.0,219.0,40146.0,1012.0,1766.0,7927.0,54.0,60.0,33180.0,95.0
Siedlce,146401.0,59935.0,32660.0,522.0,4113.0,68.0,70.0,12856.0,680.0,700.0,3487.0,63.0,17.0,10034.0,50.0
Warszawa,146501.0,1352256.0,854270.0,13297.0,101630.0,1175.0,983.0,275968.0,5494.0,17219.0,24224.0,369.0,299.0,412903.0,709.0
Zagranica,149901.0,74115.0,52617.0,694.0,3392.0,82.0,29.0,20578.0,244.0,799.0,936.0,58.0,18.0,25699.0,88.0
brzeski,160100.0,73185.0,33439.0,357.0,3168.0,43.0,82.0,10532.0,430.0,519.0,5583.0,26.0,18.0,12628.0,53.0
głubczycki,160200.0,40145.0,17408.0,146.0,1223.0,27.0,40.0,5033.0,295.0,162.0,3905.0,14.0,8.0,6520.0,35.0
kędzierzyńsko-kozielski,160300.0,81070.0,32506.0,472.0,3216.0,43.0,105.0,7598.0,231.0,639.0,3433.0,30.0,22.0,16658.0,59.0
kluczborski,160400.0,55647.0,22308.0,253.0,1802.0,33.0,57.0,6278.0,373.0,286.0,4012.0,12.0,19.0,9144.0,39.0
krapkowicki,160500.0,54092.0,17429.0,227.0,1251.0,24.0,49.0,3322.0,144.0,282.0,2112.0,17.0,11.0,9949.0,41.0
namysłowski,160600.0,34521.0,16155.0,193.0,1442.0,21.0,43.0,4340.0,433.0,202.0,3717.0,6.0,18.0,5714.0,26.0
nyski,160700.0,118254.0,52668.0,538.0,4576.0,53.0,176.0,15494.0,830.0,756.0,10183.0,28.0,30.0,19920.0,84.0
oleski,160800.0,54556.0,19758.0,229.0,2007.0,37.0,67.0,4198.0,463.0,211.0,4489.0,18.0,19.0,7974.0,46.0
opolski,160900.0,106443.0,35418.0,472.0,2327.0,46.0,77.0,7990.0,341.0,583.0,4446.0,32.0,27.0,19002.0,75.0
prudnicki,161000.0,47613.0,19516.0,244.0,1505.0,23.0,47.0,5605.0,244.0,245.0,3727.0,21.0,15.0,7812.0,28.0
strzelecki,161100.0,65081.0,21871.0,264.0,1693.0,30.0,74.0,5293.0,215.0,263.0,2966.0,21.0,20.0,10966.0,66.0
Opole,166101.0,99879.0,51629.0,949.0,7521.0,57.0,119.0,12354.0,282.0,1212.0,2068.0,15.0,31.0,26956.0,65.0
bieszczadzki,180100.0,17636.0,7025.0,72.0,666.0,13.0,13.0,2493.0,199.0,81.0,1248.0,5.0,4.0,2217.0,14.0
brzozowski,180200.0,50194.0,23620.0,136.0,901.0,16.0,67.0,12787.0,500.0,215.0,4736.0,17.0,17.0,4197.0,31.0
dębicki,180300.0,101974.0,52110.0,378.0,2843.0,69.0,113.0,26920.0,1022.0,553.0,8726.0,22.0,21.0,11380.0,63.0
jarosławski,180400.0,94579.0,48093.0,306.0,2396.0,43.0,93.0,23067.0,2079.0,394.0,9979.0,28.0,33.0,9606.0,69.0
jasielski,180500.0,90208.0,43250.0,327.0,2440.0,38.0,109.0,20815.0,1116.0,519.0,8249.0,25.0,21.0,9511.0,80.0
kolbuszowski,180600.0,46670.0,22117.0,166.0,927.0,21.0,39.0,12365.0,742.0,172.0,3911.0,20.0,12.0,3712.0,30.0
krośnieński,180700.0,84888.0,41572.0,337.0,2301.0,36.0,89.0,20997.0,862.0,448.0,7269.0,28.0,18.0,9115.0,72.0
leżajski,180800.0,53385.0,26659.0,186.0,1066.0,27.0,52.0,14813.0,682.0,261.0,4805.0,12.0,17.0,4707.0,31.0
lubaczowski,180900.0,45406.0,21435.0,168.0,1346.0,41.0,52.0,7561.0,972.0,175.0,6750.0,14.0,8.0,4299.0,49.0
łańcucki,181000.0,59294.0,31884.0,193.0,1315.0,48.0,80.0,19431.0,925.0,327.0,3673.0,19.0,16.0,5823.0,34.0
mielecki,181100.0,103078.0,50986.0,420.0,3532.0,71.0,127.0,23566.0,1647.0,582.0,9323.0,25.0,22.0,11625.0,46.0
niżański,181200.0,51651.0,22711.0,190.0,1090.0,47.0,53.0,11593.0,677.0,267.0,4217.0,29.0,25.0,4492.0,31.0
przemyski,181300.0,54986.0,25391.0,139.0,1156.0,34.0,53.0,11598.0,618.0,152.0,6186.0,21.0,21.0,5349.0,64.0
przeworski,181400.0,60776.0,29664.0,192.0,1518.0,42.0,68.0,14306.0,1300.0,272.0,7342.0,14.0,11.0,4551.0,48.0
ropczycko-sędziszowski,181500.0,53849.0,28576.0,161.0,1025.0,18.0,67.0,16049.0,845.0,231.0,5869.0,15.0,20.0,4250.0,26.0
rzeszowski,181600.0,131756.0,72449.0,492.0,2842.0,89.0,123.0,42928.0,1510.0,750.0,9371.0,36.0,35.0,14187.0,86.0
sanocki,181700.0,75194.0,33187.0,346.0,2902.0,48.0,76.0,13752.0,744.0,414.0,5507.0,31.0,18.0,9275.0,74.0
stalowowolski,181800.0,87469.0,40468.0,418.0,3279.0,76.0,104.0,19939.0,610.0,632.0,4455.0,27.0,25.0,10847.0,56.0
strzyżowski,181900.0,47525.0,23276.0,162.0,1070.0,31.0,63.0,12077.0,788.0,248.0,4287.0,20.0,8.0,4481.0,41.0
tarnobrzeski,182000.0,42607.0,19555.0,170.0,1196.0,26.0,35.0,8331.0,423.0,218.0,4363.0,13.0,22.0,4722.0,36.0
leski,182100.0,21955.0,9975.0,95.0,723.0,16.0,30.0,3997.0,207.0,116.0,1766.0,8.0,7.0,2997.0,13.0
Krosno,186101.0,38694.0,19939.0,222.0,2077.0,18.0,45.0,8774.0,231.0,396.0,1595.0,10.0,10.0,6536.0,25.0
Przemyśl,186201.0,53663.0,26112.0,280.0,3024.0,30.0,56.0,12220.0,166.0,314.0,1730.0,16.0,27.0,8221.0,28.0
Rzeszów,186301.0,122212.0,70282.0,943.0,8630.0,96.0,112.0,32138.0,615.0,1548.0,2733.0,20.0,26.0,23373.0,48.0
Tarnobrzeg,186401.0,39108.0,18924.0,251.0,2385.0,20.0,24.0,7023.0,231.0,303.0,1999.0,16.0,17.0,6641.0,14.0
augustowski,200100.0,46704.0,20754.0,211.0,1347.0,26.0,42.0,7343.0,661.0,212.0,5345.0,17.0,3.0,5521.0,26.0
białostocki,200200.0,109590.0,50985.0,508.0,3291.0,69.0,96.0,24346.0,835.0,632.0,8644.0,25.0,29.0,12444.0,66.0
bielski,200300.0,49191.0,21733.0,138.0,2037.0,32.0,38.0,8417.0,497.0,142.0,6825.0,10.0,15.0,3559.0,23.0
grajewski,200400.0,39152.0,15647.0,137.0,1022.0,20.0,55.0,5908.0,643.0,148.0,4080.0,9.0,11.0,3575.0,39.0
hajnowski,200500.0,42057.0,16407.0,170.0,2413.0,29.0,28.0,1789.0,263.0,149.0,7896.0,15.0,5.0,3611.0,39.0
kolneński,200600.0,31314.0,12691.0,72.0,588.0,22.0,31.0,4760.0,820.0,91.0,4088.0,104.0,1.0,2097.0,17.0
łomżyński,200700.0,39553.0,16865.0,74.0,475.0,23.0,27.0,7910.0,862.0,93.0,5119.0,113.0,5.0,2111.0,53.0
moniecki,200800.0,34540.0,13779.0,98.0,665.0,17.0,25.0,5166.0,539.0,143.0,4491.0,177.0,13.0,2392.0,53.0
sejneński,200900.0,17134.0,6682.0,59.0,506.0,5.0,17.0,1522.0,224.0,56.0,2902.0,10.0,5.0,1362.0,14.0
siemiatycki,201000.0,40087.0,16327.0,99.0,1289.0,25.0,28.0,5766.0,589.0,115.0,5488.0,9.0,7.0,2882.0,30.0
sokólski,201100.0,59241.0,24316.0,187.0,1576.0,31.0,50.0,9045.0,780.0,206.0,7059.0,20.0,10.0,5322.0,30.0
suwalski,201200.0,27191.0,11528.0,94.0,522.0,23.0,27.0,3476.0,499.0,94.0,4770.0,12.0,8.0,1986.0,17.0
wysokomazowiecki,201300.0,47934.0,23692.0,122.0,890.0,40.0,44.0,13164.0,1083.0,147.0,5167.0,15.0,11.0,2981.0,28.0
zambrowski,201400.0,36175.0,15982.0,139.0,1013.0,15.0,38.0,7307.0,622.0,163.0,3362.0,3.0,7.0,3285.0,28.0
Białystok,206101.0,224434.0,118157.0,1634.0,14339.0,138.0,196.0,46318.0,966.0,2293.0,8159.0,46.0,35.0,43922.0,111.0
Łomża,206201.0,48997.0,23221.0,251.0,2262.0,21.0,35.0,11041.0,303.0,350.0,1884.0,10.0,10.0,7026.0,28.0
Suwałki,206301.0,52356.0,24532.0,398.0,2551.0,69.0,46.0,9139.0,263.0,340.0,3650.0,13.0,15.0,8004.0,44.0
bytowski,220100.0,57758.0,26521.0,242.0,2079.0,39.0,60.0,6996.0,302.0,236.0,5459.0,12.0,10.0,11031.0,55.0
chojnicki,220200.0,70322.0,36434.0,416.0,3302.0,25.0,95.0,11099.0,422.0,354.0,7088.0,18.0,18.0,13550.0,47.0
człuchowski,220300.0,45518.0,20146.0,238.0,2410.0,34.0,58.0,3449.0,400.0,186.0,5227.0,13.0,15.0,8073.0,43.0
gdański,220400.0,63107.0,31477.0,307.0,2283.0,27.0,46.0,9254.0,280.0,408.0,2562.0,8.0,14.0,16242.0,46.0
kartuski,220500.0,76513.0,44200.0,311.0,1641.0,36.0,91.0,16647.0,337.0,318.0,5597.0,31.0,26.0,19119.0,46.0
kościerski,220600.0,50552.0,27079.0,229.0,1627.0,30.0,49.0,9246.0,344.0,192.0,3931.0,18.0,21.0,11358.0,34.0
kwidzyński,220700.0,62505.0,26515.0,295.0,2588.0,31.0,63.0,6793.0,303.0,257.0,4598.0,16.0,14.0,11506.0,51.0
lęborski,220800.0,49135.0,23486.0,247.0,2775.0,32.0,59.0,6597.0,215.0,278.0,3123.0,13.0,18.0,10094.0,35.0
malborski,220900.0,50219.0,22734.0,310.0,2607.0,27.0,45.0,5687.0,382.0,324.0,3278.0,11.0,18.0,10007.0,38.0
nowodworski,221000.0,28162.0,11589.0,125.0,1010.0,25.0,23.0,2766.0,229.0,129.0,2226.0,9.0,9.0,5010.0,28.0
pucki,221100.0,56044.0,30617.0,253.0,1878.0,35.0,76.0,7751.0,215.0,337.0,3087.0,12.0,21.0,16909.0,43.0
słupski,221200.0,72607.0,28335.0,357.0,3122.0,38.0,77.0,6110.0,465.0,318.0,6131.0,15.0,17.0,11635.0,50.0
starogardzki,221300.0,92494.0,45721.0,500.0,3379.0,46.0,114.0,15169.0,554.0,396.0,7283.0,47.0,20.0,18114.0,99.0
tczewski,221400.0,86451.0,41943.0,495.0,3513.0,37.0,87.0,12905.0,453.0,442.0,4816.0,21.0,23.0,19092.0,59.0
wejherowski,221500.0,134026.0,75007.0,738.0,4794.0,74.0,149.0,24189.0,464.0,789.0,6031.0,45.0,33.0,37629.0,72.0
sztumski,221600.0,33877.0,13808.0,169.0,1281.0,16.0,40.0,3096.0,241.0,135.0,2915.0,8.0,12.0,5851.0,44.0
Gdańsk,226101.0,365236.0,222763.0,2400.0,17991.0,173.0,282.0,67700.0,831.0,3368.0,6517.0,74.0,68.0,123196.0,163.0
Gdynia,226201.0,200564.0,122525.0,1543.0,12696.0,114.0,184.0,34609.0,418.0,2101.0,3804.0,26.0,64.0,66868.0,98.0
Słupsk,226301.0,78223.0,39988.0,540.0,6175.0,43.0,90.0,11205.0,261.0,556.0,3732.0,14.0,22.0,17300.0,50.0
Sopot,226401.0,33782.0,21545.0,242.0,1774.0,15.0,17.0,6404.0,67.0,302.0,421.0,5.0,11.0,12277.0,10.0
Statki - Gdańsk,229901.0,211.0,208.0,0.0,11.0,0.0,0.0,77.0,0.0,12.0,4.0,1.0,0.0,103.0,0.0
będziński,240100.0,126745.0,58314.0,999.0,10421.0,98.0,153.0,15188.0,596.0,1035.0,6800.0,36.0,53.0,22799.0,136.0
bielski,240200.0,116888.0,64618.0,700.0,5806.0,51.0,156.0,26651.0,695.0,814.0,4661.0,36.0,46.0,24909.0,93.0
cieszyński,240300.0,134749.0,68071.0,1009.0,9457.0,74.0,234.0,20231.0,838.0,908.0,6881.0,121.0,46.0,28138.0,134.0
częstochowski,240400.0,106417.0,47165.0,621.0,4579.0,87.0,143.0,13429.0,1184.0,564.0,12878.0,27.0,37.0,13495.0,121.0
gliwicki,240500.0,92379.0,40800.0,553.0,3676.0,33.0,105.0,13809.0,325.0,461.0,4010.0,34.0,25.0,17698.0,71.0
kłobucki,240600.0,67422.0,29715.0,339.0,3129.0,49.0,65.0,9303.0,787.0,383.0,7784.0,25.0,17.0,7764.0,70.0
lubliniecki,240700.0,60773.0,27857.0,324.0,1939.0,26.0,54.0,9367.0,287.0,327.0,3824.0,19.0,28.0,11604.0,58.0
mikołowski,240800.0,71640.0,38301.0,564.0,2924.0,29.0,97.0,14100.0,542.0,522.0,2942.0,71.0,41.0,16417.0,52.0
myszkowski,240900.0,58159.0,25046.0,316.0,2607.0,37.0,75.0,7338.0,434.0,406.0,5828.0,13.0,14.0,7933.0,45.0
pszczyński,241000.0,80485.0,43584.0,471.0,3173.0,28.0,87.0,18399.0,505.0,517.0,3954.0,36.0,25.0,16321.0,68.0
raciborski,241100.0,90810.0,35566.0,392.0,3123.0,41.0,100.0,9040.0,276.0,445.0,4172.0,37.0,28.0,17846.0,66.0
rybnicki,241200.0,57629.0,28756.0,326.0,2279.0,21.0,96.0,11720.0,251.0,273.0,3231.0,18.0,20.0,10481.0,40.0
tarnogórski,241300.0,112581.0,53919.0,719.0,4564.0,48.0,147.0,17734.0,365.0,726.0,4258.0,42.0,39.0,25197.0,80.0
bieruńsko-lędziński,241400.0,43463.0,22623.0,243.0,1504.0,13.0,66.0,10776.0,178.0,270.0,1980.0,15.0,17.0,7527.0,34.0
wodzisławski,241500.0,123676.0,61868.0,782.0,6230.0,55.0,190.0,23857.0,499.0,675.0,6392.0,58.0,46.0,22958.0,126.0
zawierciański,241600.0,103368.0,46469.0,615.0,6526.0,68.0,142.0,12206.0,1029.0,686.0,10591.0,17.0,26.0,14460.0,103.0
żywiecki,241700.0,117029.0,60356.0,534.0,4070.0,50.0,145.0,26796.0,774.0,596.0,6413.0,29.0,28.0,20843.0,78.0
Bielsko-Biała,246101.0,141428.0,80332.0,1071.0,8795.0,60.0,189.0,29363.0,450.0,1301.0,3773.0,41.0,33.0,35182.0,74.0
Bytom,246201.0,152742.0,64932.0,1024.0,7577.0,61.0,145.0,19769.0,336.0,873.0,4814.0,38.0,48.0,30143.0,104.0
Chorzów,246301.0,92701.0,43223.0,733.0,5076.0,43.0,79.0,11091.0,172.0,648.0,2618.0,17.0,23.0,22646.0,77.0
Częstochowa,246401.0,200214.0,103600.0,1621.0,13735.0,160.0,182.0,35060.0,705.0,2049.0,6886.0,55.0,83.0,42931.0,133.0
Dąbrowa Górnicza,246501.0,106273.0,49402.0,838.0,9111.0,58.0,124.0,13225.0,363.0,1019.0,4941.0,20.0,40.0,19545.0,118.0
Gliwice,246601.0,159455.0,79946.0,1379.0,9857.0,71.0,166.0,21965.0,458.0,1318.0,4734.0,47.0,51.0,39785.0,115.0
Jastrzębie-Zdrój,246701.0,75980.0,38155.0,449.0,4701.0,45.0,111.0,16707.0,255.0,497.0,3355.0,23.0,18.0,11937.0,57.0
Jaworzno,246801.0,76814.0,37013.0,599.0,5356.0,28.0,65.0,12188.0,272.0,592.0,3089.0,23.0,31.0,14701.0,69.0
Katowice,246901.0,260109.0,141117.0,2224.0,17648.0,126.0,276.0,41594.0,1027.0,2450.0,6668.0,128.0,126.0,68648.0,202.0
Mysłowice,247001.0,60546.0,31240.0,503.0,3628.0,29.0,38.0,11503.0,154.0,445.0,2362.0,18.0,27.0,12486.0,47.0
Piekary Śląskie,247101.0,48326.0,23527.0,359.0,2003.0,24.0,57.0,9326.0,119.0,281.0,1490.0,13.0,21.0,9792.0,42.0
Ruda Śląska,247201.0,117036.0,56575.0,712.0,6340.0,47.0,139.0,20547.0,252.0,662.0,4184.0,34.0,67.0,23495.0,96.0
Rybnik,247301.0,111879.0,57000.0,773.0,5571.0,39.0,164.0,19911.0,367.0,723.0,4916.0,36.0,34.0,24377.0,89.0
Siemianowice Śląskie,247401.0,59606.0,28573.0,472.0,3304.0,24.0,43.0,7943.0,136.0,438.0,1883.0,13.0,32.0,14236.0,49.0
Sosnowiec,247501.0,189522.0,91114.0,1580.0,18154.0,120.0,203.0,25184.0,517.0,1714.0,8073.0,39.0,46.0,35330.0,154.0
Świętochłowice,247601.0,44672.0,19052.0,292.0,2074.0,21.0,52.0,5432.0,83.0,308.0,1317.0,7.0,20.0,9399.0,47.0
Tychy,247701.0,106480.0,58265.0,868.0,6447.0,39.0,122.0,19696.0,327.0,1016.0,3327.0,37.0,43.0,26274.0,69.0
Zabrze,247801.0,151900.0,61299.0,1041.0,7594.0,63.0,148.0,17514.0,345.0,890.0,5246.0,35.0,44.0,28276.0,103.0
Żory,247901.0,49885.0,24962.0,368.0,2773.0,15.0,54.0,9171.0,200.0,354.0,2310.0,17.0,18.0,9631.0,51.0
buski,260100.0,62176.0,26699.0,196.0,2264.0,38.0,51.0,6612.0,1613.0,223.0,10133.0,21.0,19.0,5496.0,33.0
jędrzejowski,260200.0,72117.0,30614.0,248.0,2440.0,43.0,89.0,7908.0,1427.0,316.0,12073.0,20.0,19.0,5976.0,55.0
kazimierski,260300.0,29959.0,10462.0,78.0,780.0,14.0,14.0,2545.0,728.0,66.0,4542.0,6.0,1.0,1677.0,11.0
kielecki,260400.0,151710.0,65536.0,571.0,4704.0,82.0,158.0,22782.0,2261.0,666.0,19337.0,43.0,56.0,14792.0,84.0
konecki,260500.0,70245.0,31358.0,304.0,3068.0,63.0,68.0,10068.0,726.0,336.0,9175.0,20.0,35.0,7449.0,46.0
opatowski,260600.0,45998.0,18078.0,116.0,1443.0,42.0,46.0,4101.0,1201.0,174.0,8129.0,13.0,9.0,2774.0,30.0
ostrowiecki,260700.0,96876.0,39803.0,370.0,5583.0,70.0,137.0,10842.0,975.0,561.0,9582.0,28.0,33.0,11538.0,84.0
pińczowski,260800.0,35094.0,14811.0,140.0,1489.0,41.0,29.0,2796.0,637.0,109.0,6713.0,14.0,0.0,2823.0,20.0
sandomierski,260900.0,66372.0,28679.0,242.0,2690.0,32.0,61.0,8619.0,1811.0,305.0,9117.0,10.0,14.0,5760.0,18.0
skarżyski,261000.0,67484.0,30716.0,309.0,4091.0,56.0,109.0,10481.0,432.0,579.0,4367.0,21.0,14.0,10199.0,58.0
starachowicki,261100.0,77656.0,33928.0,346.0,4011.0,53.0,114.0,10775.0,830.0,522.0,7383.0,28.0,29.0,9776.0,61.0
staszowski,261200.0,59536.0,24419.0,181.0,2043.0,33.0,52.0,7635.0,1019.0,217.0,8133.0,13.0,18.0,5038.0,37.0
włoszczowski,261300.0,37693.0,17193.0,151.0,1263.0,17.0,41.0,4488.0,688.0,174.0,7005.0,8.0,10.0,3317.0,31.0
Kielce,266101.0,167084.0,91554.0,1332.0,15303.0,139.0,153.0,30918.0,1001.0,1729.0,6689.0,51.0,39.0,34100.0,100.0
bartoszycki,280100.0,51272.0,20918.0,309.0,2424.0,26.0,67.0,4662.0,374.0,237.0,5468.0,13.0,11.0,7293.0,34.0
braniewski,280200.0,34836.0,14008.0,223.0,1660.0,23.0,42.0,2925.0,239.0,170.0,3694.0,8.0,3.0,4987.0,34.0
działdowski,280300.0,51331.0,22119.0,260.0,2132.0,24.0,66.0,6426.0,520.0,164.0,5238.0,15.0,19.0,7178.0,77.0
elbląski,280400.0,44044.0,16590.0,219.0,1457.0,14.0,25.0,4000.0,339.0,156.0,4568.0,16.0,11.0,5748.0,37.0
ełcki,280500.0,64949.0,25650.0,317.0,2284.0,40.0,78.0,8244.0,428.0,328.0,4687.0,20.0,20.0,9156.0,48.0
giżycki,280600.0,45780.0,18849.0,258.0,2084.0,19.0,54.0,4374.0,401.0,282.0,3503.0,16.0,7.0,7825.0,26.0
iławski,280700.0,70936.0,32398.0,479.0,3341.0,34.0,92.0,8185.0,736.0,330.0,7826.0,18.0,23.0,11254.0,80.0
kętrzyński,280800.0,54680.0,21866.0,295.0,2426.0,22.0,78.0,4896.0,374.0,278.0,4756.0,9.0,13.0,8662.0,57.0
lidzbarski,280900.0,34294.0,14407.0,204.0,1498.0,27.0,37.0,3541.0,218.0,157.0,3399.0,5.0,7.0,5285.0,29.0
mrągowski,281000.0,39939.0,16986.0,228.0,1747.0,26.0,45.0,4273.0,552.0,192.0,2573.0,120.0,10.0,7169.0,51.0
nidzicki,281100.0,26805.0,10887.0,108.0,1123.0,8.0,34.0,3211.0,288.0,108.0,2641.0,4.0,4.0,3329.0,29.0
nowomiejski,281200.0,33207.0,15202.0,142.0,1204.0,18.0,50.0,3893.0,403.0,95.0,5024.0,12.0,10.0,4317.0,34.0
olecki,281300.0,26726.0,10518.0,133.0,959.0,17.0,41.0,3145.0,229.0,159.0,2740.0,6.0,8.0,3044.0,37.0
olsztyński,281400.0,88420.0,36371.0,745.0,3599.0,38.0,112.0,9236.0,613.0,495.0,6203.0,31.0,20.0,15170.0,109.0
ostródzki,281500.0,83877.0,34717.0,543.0,4184.0,43.0,104.0,8363.0,527.0,402.0,6538.0,28.0,23.0,13892.0,70.0
piski,281600.0,44865.0,18900.0,206.0,1508.0,17.0,69.0,5659.0,427.0,177.0,3951.0,17.0,9.0,6819.0,41.0
szczycieński,281700.0,54842.0,23137.0,297.0,2323.0,22.0,83.0,6108.0,687.0,203.0,4497.0,19.0,29.0,8825.0,44.0
gołdapski,281800.0,21344.0,7377.0,82.0,767.0,17.0,11.0,1909.0,163.0,53.0,1626.0,10.0,4.0,2715.0,20.0
węgorzewski,281900.0,19510.0,7344.0,107.0,836.0,6.0,27.0,1433.0,142.0,71.0,1908.0,8.0,3.0,2781.0,22.0
Elbląg,286101.0,99990.0,50509.0,771.0,6476.0,65.0,96.0,14812.0,320.0,847.0,4832.0,16.0,24.0,22173.0,77.0
Olsztyn,286201.0,134091.0,75256.0,1700.0,11232.0,45.0,140.0,21923.0,551.0,1412.0,3995.0,39.0,27.0,34108.0,84.0
chodzieski,300100.0,36660.0,18877.0,236.0,3298.0,26.0,39.0,3898.0,368.0,193.0,3054.0,12.0,10.0,7709.0,34.0
czarnkowsko-trzcianecki,300200.0,67353.0,32871.0,417.0,4926.0,54.0,83.0,7927.0,564.0,294.0,5286.0,19.0,23.0,13213.0,65.0
gnieźnieński,300300.0,110397.0,56223.0,737.0,8297.0,56.0,146.0,15542.0,1249.0,628.0,10101.0,35.0,28.0,19276.0,128.0
gostyński,300400.0,58335.0,27184.0,364.0,3281.0,30.0,80.0,6597.0,826.0,269.0,7338.0,17.0,26.0,8286.0,70.0
grodziski,300500.0,37152.0,17389.0,233.0,1804.0,11.0,39.0,4190.0,504.0,172.0,4368.0,13.0,16.0,5992.0,47.0
jarociński,300600.0,54958.0,26515.0,349.0,3299.0,39.0,91.0,6947.0,601.0,325.0,6169.0,14.0,26.0,8600.0,55.0
kaliski,300700.0,62231.0,27783.0,220.0,1881.0,28.0,80.0,7376.0,1225.0,227.0,11359.0,16.0,20.0,5295.0,56.0
kępiński,300800.0,42683.0,20906.0,241.0,1801.0,24.0,65.0,5862.0,609.0,186.0,4704.0,16.0,14.0,7341.0,43.0
kolski,300900.0,70852.0,31870.0,281.0,2919.0,39.0,76.0,8980.0,998.0,264.0,11320.0,13.0,22.0,6915.0,43.0
koniński,301000.0,93559.0,41111.0,387.0,2940.0,51.0,95.0,12668.0,1234.0,331.0,13866.0,23.0,21.0,9422.0,73.0
kościański,301100.0,60306.0,29180.0,439.0,3371.0,25.0,80.0,7093.0,722.0,381.0,6407.0,34.0,16.0,10534.0,78.0
krotoszyński,301200.0,59517.0,29930.0,382.0,3154.0,25.0,94.0,7338.0,1266.0,290.0,7884.0,23.0,16.0,9396.0,62.0
leszczyński,301300.0,37601.0,17929.0,240.0,1927.0,16.0,54.0,4016.0,511.0,207.0,4583.0,21.0,10.0,6288.0,56.0
międzychodzki,301400.0,28134.0,12109.0,208.0,1752.0,19.0,51.0,2525.0,407.0,155.0,2404.0,6.0,17.0,4529.0,36.0
nowotomyski,301500.0,54961.0,26956.0,365.0,2958.0,34.0,98.0,6507.0,681.0,262.0,4761.0,17.0,15.0,11190.0,68.0
obornicki,301600.0,43193.0,20776.0,340.0,3202.0,22.0,54.0,5361.0,419.0,218.0,3253.0,15.0,15.0,7825.0,52.0
ostrowski,301700.0,124258.0,63119.0,786.0,6943.0,65.0,183.0,18275.0,1395.0,780.0,13304.0,50.0,38.0,21181.0,119.0
ostrzeszowski,301800.0,41737.0,18914.0,210.0,1954.0,26.0,63.0,4869.0,779.0,206.0,5322.0,10.0,15.0,5406.0,54.0
pilski,301900.0,105896.0,56619.0,722.0,9774.0,68.0,127.0,13918.0,813.0,583.0,8456.0,33.0,34.0,21983.0,108.0
pleszewski,302000.0,48135.0,22021.0,258.0,2179.0,26.0,57.0,5278.0,847.0,178.0,6106.0,26.0,20.0,6987.0,59.0
poznański,302100.0,217387.0,115466.0,1749.0,11451.0,91.0,199.0,30505.0,1526.0,1762.0,10020.0,72.0,59.0,57860.0,172.0
rawicki,302200.0,46764.0,21686.0,368.0,2842.0,22.0,71.0,4642.0,795.0,266.0,5178.0,20.0,23.0,7398.0,61.0
słupecki,302300.0,46305.0,20681.0,214.0,2234.0,38.0,56.0,5556.0,725.0,186.0,5846.0,14.0,17.0,5760.0,35.0
szamotulski,302400.0,68206.0,31698.0,430.0,4299.0,46.0,80.0,7699.0,648.0,262.0,5007.0,15.0,24.0,13128.0,60.0
średzki,302500.0,42244.0,20435.0,328.0,2592.0,26.0,75.0,4850.0,516.0,342.0,4490.0,15.0,7.0,7151.0,43.0
śremski,302600.0,45442.0,22166.0,336.0,3235.0,25.0,84.0,5439.0,506.0,277.0,4073.0,24.0,7.0,8111.0,49.0
turecki,302700.0,65271.0,31004.0,298.0,2904.0,41.0,78.0,9074.0,790.0,306.0,9799.0,16.0,29.0,7607.0,62.0
wągrowiecki,302800.0,52101.0,25245.0,294.0,4051.0,24.0,62.0,5978.0,896.0,229.0,5943.0,12.0,14.0,7691.0,51.0
wolsztyński,302900.0,41679.0,20642.0,361.0,2304.0,25.0,65.0,4459.0,751.0,276.0,4670.0,15.0,16.0,7657.0,43.0
wrzesiński,303000.0,57791.0,29986.0,407.0,3989.0,38.0,71.0,7167.0,815.0,603.0,6988.0,17.0,13.0,9826.0,52.0
złotowski,303100.0,53341.0,25530.0,226.0,3801.0,27.0,50.0,6069.0,462.0,239.0,5266.0,17.0,10.0,9324.0,39.0
Kalisz,306101.0,86780.0,45686.0,648.0,6971.0,56.0,96.0,13369.0,336.0,757.0,4273.0,32.0,14.0,19076.0,58.0
Konin,306201.0,64740.0,35007.0,492.0,5448.0,27.0,63.0,10707.0,645.0,489.0,3462.0,160.0,17.0,13459.0,38.0
Leszno,306301.0,50531.0,27406.0,424.0,4388.0,32.0,73.0,6274.0,174.0,470.0,1886.0,28.0,5.0,13629.0,23.0
Poznań,306401.0,450736.0,266307.0,4219.0,33974.0,241.0,359.0,68165.0,1164.0,4713.0,9806.0,95.0,600.0,142697.0,274.0
białogardzki,320100.0,37903.0,15389.0,195.0,1935.0,15.0,32.0,3274.0,164.0,125.0,3568.0,8.0,17.0,6024.0,32.0
choszczeński,320200.0,40277.0,15211.0,209.0,1822.0,18.0,52.0,3076.0,298.0,154.0,4094.0,3.0,10.0,5435.0,40.0
drawski,320300.0,47334.0,19975.0,229.0,2516.0,12.0,55.0,4083.0,225.0,230.0,5071.0,10.0,13.0,7482.0,49.0
goleniowski,320400.0,62647.0,26836.0,386.0,3229.0,30.0,60.0,5640.0,449.0,391.0,4935.0,26.0,19.0,11596.0,75.0
gryficki,320500.0,48635.0,20129.0,288.0,2587.0,18.0,41.0,4018.0,283.0,198.0,4346.0,14.0,13.0,8278.0,45.0
gryfiński,320600.0,64980.0,27204.0,383.0,2840.0,29.0,68.0,6502.0,331.0,561.0,5751.0,5.0,20.0,10658.0,56.0
kamieński,320700.0,38964.0,16259.0,215.0,2192.0,24.0,38.0,3449.0,188.0,215.0,2794.0,6.0,11.0,7098.0,29.0
kołobrzeski,320800.0,61273.0,28259.0,472.0,3964.0,28.0,68.0,6457.0,284.0,388.0,4014.0,13.0,13.0,12517.0,41.0
koszaliński,320900.0,49288.0,20139.0,311.0,1996.0,31.0,55.0,4337.0,281.0,220.0,4969.0,16.0,22.0,7852.0,49.0
myśliborski,321000.0,53303.0,22599.0,277.0,2417.0,41.0,63.0,5166.0,314.0,235.0,4853.0,19.0,14.0,9164.0,36.0
policki,321100.0,47725.0,23273.0,436.0,2715.0,22.0,54.0,5612.0,132.0,421.0,1986.0,12.0,11.0,11829.0,43.0
pyrzycki,321200.0,31971.0,13463.0,206.0,1388.0,17.0,26.0,3064.0,290.0,143.0,3852.0,6.0,9.0,4426.0,36.0
sławieński,321300.0,45266.0,18972.0,267.0,1906.0,22.0,38.0,3672.0,263.0,196.0,6779.0,7.0,8.0,5782.0,32.0
stargardzki,321400.0,94518.0,43195.0,662.0,5412.0,51.0,78.0,10183.0,502.0,654.0,7556.0,22.0,30.0,17955.0,90.0
szczecinecki,321500.0,61726.0,26657.0,351.0,3140.0,29.0,49.0,6222.0,309.0,317.0,5222.0,11.0,19.0,10925.0,63.0
świdwiński,321600.0,39496.0,16387.0,229.0,2008.0,33.0,41.0,3213.0,249.0,164.0,4379.0,7.0,9.0,6015.0,40.0
wałecki,321700.0,43237.0,19084.0,238.0,3303.0,26.0,32.0,3693.0,259.0,256.0,3483.0,15.0,10.0,7730.0,39.0
łobeski,321800.0,30433.0,11878.0,132.0,1486.0,18.0,41.0,2167.0,195.0,152.0,3242.0,11.0,9.0,4395.0,30.0
Koszalin,326101.0,87704.0,46274.0,933.0,7799.0,40.0,104.0,10984.0,304.0,615.0,5240.0,25.0,22.0,20157.0,51.0
Szczecin,326201.0,324801.0,177519.0,3130.0,24647.0,248.0,312.0,49788.0,1325.0,3539.0,11209.0,159.0,76.0,82871.0,215.0
Świnoujście,326301.0,33892.0,16290.0,218.0,2733.0,12.0,36.0,4259.0,81.0,300.0,959.0,6.0,9.0,7656.0,21.0
